# Time (s),Total velocity (m/s),Angle of attack (°),Mass (g),Longitudinal moment of inertia (kg·m²),CP location (cm),CG location (cm),Stability margin calibers (​),Drag force (N),Drag coefficient (​),Normal force coefficient (​)
0.01,0.266,87.261,2943,0.326,NaN,67.5,NaN,1.536e-5,0.654,NaN
0.02,1.197,77.865,2941,0.326,NaN,67.5,NaN,0.001,0.652,NaN
0.03,2.22,68.182,2939,0.326,NaN,67.5,NaN,0.007,0.648,NaN
0.04,3.195,59.931,2937,0.325,NaN,67.5,NaN,0.019,0.643,NaN
0.05,4.125,53.113,2935,0.325,NaN,67.5,NaN,0.036,0.637,NaN
0.06,5.046,47.097,2933,0.325,NaN,67.4,NaN,0.059,0.631,NaN
0.07,5.979,41.883,2931,0.325,NaN,67.4,NaN,0.087,0.625,NaN
0.08,6.922,37.414,2929,0.325,NaN,67.4,NaN,0.121,0.619,NaN
0.09,7.876,33.575,2927,0.324,NaN,67.4,NaN,0.159,0.613,NaN
0.1,8.841,30.252,2925,0.324,NaN,67.4,NaN,0.201,0.607,NaN
0.11,9.818,27.559,2923,0.324,NaN,67.3,NaN,0.247,0.602,NaN
0.12,10.803,25.21,2921,0.324,NaN,67.3,NaN,0.297,0.597,NaN
0.129,11.722,23.319,2919,0.324,NaN,67.3,NaN,0.348,0.596,NaN
0.138,12.574,21.772,2918,0.323,NaN,67.3,NaN,0.399,0.596,NaN
0.146,13.374,20.512,2916,0.323,NaN,67.3,NaN,0.448,0.596,NaN
0.153,14.129,19.481,2914,0.323,NaN,67.2,NaN,0.497,0.596,NaN
0.164,15.27,18.335,2912,0.323,77,67.2,1.248,0.575,0.596,5.7
0.181,16.996,16.845,2909,0.322,77.4,67.2,1.302,0.702,0.596,5.094
0.206,19.588,14.668,2903,0.322,78.1,67.1,1.389,0.903,0.596,4.258
0.244,23.455,10.886,2896,0.321,79.3,67.1,1.558,1.188,0.596,2.945
0.282,27.287,8.995,2888,0.32,80.1,67,1.663,1.529,0.597,2.33
0.316,30.626,7.678,2881,0.32,80.6,66.9,1.743,1.86,0.597,1.93
0.347,33.661,6.532,2875,0.319,81.1,66.8,1.817,2.183,0.597,1.605
0.377,36.577,5.329,2869,0.318,81.7,66.8,1.9,2.504,0.597,1.268
0.407,39.597,4.125,2863,0.318,82.4,66.7,1.988,2.859,0.598,0.949
0.441,42.933,2.922,2856,0.317,83,66.6,2.083,3.293,0.598,0.648
0.483,46.983,1.146,2848,0.316,84.1,66.5,2.227,3.866,0.599,0.249
0.533,51.849,0.802,2838,0.315,84.3,66.4,2.272,4.696,0.599,0.167
0.583,56.684,2.235,2828,0.314,83.5,66.3,2.176,5.687,0.6,0.485
0.61,59.264,2.693,2823,0.314,83.2,66.3,2.146,6.264,0.6,0.605
0.63,61.229,2.922,2819,0.313,83.1,66.2,2.136,6.715,0.601,0.66
0.648,62.936,3.037,2815,0.313,83,66.2,2.133,7.113,0.601,0.688
0.664,64.492,3.151,2812,0.312,83,66.2,2.133,7.482,0.601,0.706
0.679,65.938,3.151,2809,0.312,83,66.1,2.137,7.828,0.602,0.709
0.694,67.316,3.094,2806,0.312,83,66.1,2.145,8.157,0.602,0.697
0.708,68.655,3.037,2804,0.312,83,66.1,2.155,8.477,0.602,0.677
0.722,69.976,2.865,2801,0.311,83.1,66,2.168,8.794,0.602,0.647
0.735,71.301,2.693,2798,0.311,83.2,66,2.185,9.11,0.603,0.605
0.75,72.658,2.464,2795,0.311,83.3,66,2.206,9.435,0.603,0.551
0.764,74.083,2.177,2792,0.31,83.5,65.9,2.233,9.777,0.603,0.481
0.78,75.641,1.833,2789,0.31,83.8,65.9,2.267,10.155,0.604,0.395
0.799,77.448,1.318,2786,0.31,84.1,65.9,2.31,10.606,0.604,0.287
0.823,79.805,0.63,2781,0.309,84.5,65.8,2.376,11.224,0.604,0.13
0.859,83.346,0.401,2774,0.308,84.7,65.7,2.404,12.248,0.605,0.09
0.909,88.228,1.432,2764,0.307,84,65.6,2.338,13.81,0.606,0.31
0.925,89.773,1.604,2761,0.307,83.9,65.6,2.329,14.32,0.607,0.354
0.939,91.136,1.719,2758,0.307,83.9,65.5,2.328,14.765,0.607,0.368
0.953,92.405,1.719,2755,0.306,83.9,65.5,2.332,15.18,0.607,0.37
0.965,93.629,1.662,2753,0.306,83.9,65.5,2.338,15.582,0.608,0.364
0.978,94.835,1.604,2750,0.306,84,65.5,2.348,15.976,0.608,0.347
0.99,96.059,1.49,2748,0.305,84,65.4,2.362,16.375,0.608,0.319
1.004,97.347,1.318,2745,0.305,84.1,65.4,2.381,16.797,0.609,0.28
1.019,98.791,1.089,2742,0.305,84.3,65.4,2.404,17.275,0.609,0.229
1.036,100.522,0.745,2739,0.304,84.5,65.3,2.437,17.861,0.61,0.158
1.061,102.897,0.229,2734,0.304,84.9,65.3,2.487,18.696,0.61,0.049
1.097,106.415,0.516,2727,0.303,84.7,65.2,2.477,20.026,0.611,0.106
1.126,109.244,0.917,2721,0.302,84.4,65.1,2.454,21.163,0.612,0.197
1.142,110.802,1.031,2718,0.302,84.4,65.1,2.448,21.801,0.613,0.226
1.156,112.135,1.089,2715,0.302,84.3,65,2.449,22.346,0.613,0.238
1.169,113.363,1.089,2713,0.301,84.3,65,2.453,22.848,0.613,0.239
1.181,114.547,1.089,2710,0.301,84.4,65,2.461,23.33,0.614,0.229
1.193,115.743,0.974,2708,0.301,84.4,65,2.473,23.816,0.614,0.209
1.207,117.013,0.802,2705,0.301,84.5,64.9,2.49,24.333,0.615,0.177
1.222,118.467,0.63,2702,0.3,84.7,64.9,2.513,24.93,0.615,0.129
1.242,120.396,0.286,2698,0.3,84.9,64.8,2.549,25.742,0.616,0.055
1.273,123.277,0.229,2692,0.299,85,64.8,2.565,27.001,0.617,0.043
1.319,127.588,0.688,2683,0.298,84.7,64.7,2.542,28.993,0.618,0.146
1.333,128.944,0.802,2680,0.298,84.6,64.6,2.537,29.643,0.619,0.174
1.346,130.153,0.802,2678,0.297,84.6,64.6,2.54,30.218,0.619,0.177
1.358,131.303,0.802,2675,0.297,84.6,64.6,2.546,30.768,0.62,0.173
1.37,132.439,0.745,2673,0.297,84.7,64.5,2.555,31.314,0.62,0.162
1.383,133.615,0.63,2671,0.297,84.7,64.5,2.568,31.879,0.62,0.139
1.397,134.932,0.458,2668,0.296,84.8,64.5,2.587,32.515,0.621,0.103
1.416,136.647,0.229,2664,0.296,85,64.4,2.617,33.358,0.622,0.044
1.444,139.201,0.229,2659,0.295,85,64.4,2.626,34.666,0.623,0.046
1.48,142.393,0.573,2652,0.294,84.8,64.3,2.612,36.374,0.624,0.118
1.494,143.606,0.63,2649,0.294,84.8,64.3,2.611,37.034,0.624,0.133
1.507,144.718,0.63,2647,0.294,84.8,64.2,2.615,37.632,0.625,0.136
1.519,145.789,0.63,2645,0.293,84.8,64.2,2.62,38.204,0.625,0.134
1.531,146.858,0.573,2642,0.293,84.9,64.2,2.629,38.773,0.626,0.122
1.544,148.017,0.458,2640,0.293,84.9,64.1,2.643,39.389,0.626,0.098
1.56,149.428,0.286,2637,0.293,85.1,64.1,2.666,40.151,0.627,0.055
1.584,151.575,0.115,2632,0.292,85.2,64,2.689,41.348,0.628,0.019
1.62,154.809,0.458,2625,0.291,85,63.9,2.672,43.219,0.629,0.097
1.634,155.968,0.516,2623,0.291,84.9,63.9,2.67,43.908,0.63,0.117
1.645,156.97,0.516,2620,0.291,84.9,63.9,2.675,44.49,0.63,0.116
1.657,157.923,0.458,2618,0.29,85,63.9,2.683,45.041,0.63,0.104
1.67,158.937,0.401,2616,0.29,85.1,63.8,2.697,45.626,0.631,0.08
1.687,160.192,0.172,2613,0.29,85.2,63.8,2.718,46.356,0.631,0.039
1.712,161.983,0.115,2609,0.289,85.3,63.7,2.733,47.43,0.632,0.024
1.749,164.341,0.344,2604,0.289,85.1,63.7,2.723,48.883,0.633,0.079
1.763,165.042,0.401,2602,0.288,85.1,63.7,2.725,49.345,0.634,0.083
1.777,165.69,0.286,2600,0.288,85.2,63.6,2.735,49.74,0.634,0.066
1.795,166.359,0.172,2598,0.288,85.3,63.6,2.752,50.154,0.634,0.032
1.823,167.102,0.115,2596,0.288,85.3,63.6,2.761,50.618,0.635,0.02
1.864,167.723,0.229,2593,0.287,85.2,63.5,2.753,51.002,0.635,0.053
1.882,167.802,0.229,2592,0.287,85.2,63.5,2.754,51.051,0.635,0.055
1.903,167.75,0.115,2590,0.287,85.3,63.5,2.767,50.992,0.635,0.029
1.934,167.46,0.172,2590,0.287,85.3,63.5,2.767,50.755,0.635,0.032
1.966,166.924,0.286,2589,0.287,85.2,63.5,2.756,50.386,0.635,0.061
1.971,166.814,0.286,2589,0.287,85.2,63.5,2.755,50.314,0.635,0.064
1.979,166.593,0.286,2589,0.287,85.2,63.5,2.756,50.165,0.634,0.061
1.99,166.261,0.229,2589,0.287,85.2,63.5,2.76,49.941,0.634,0.05
2.007,165.766,0.115,2589,0.287,85.3,63.5,2.768,49.605,0.634,0.029
2.033,165.029,0.024,2589,0.287,85.3,63.5,2.777,49.105,0.634,0.005
2.071,163.932,0.286,2589,0.287,85.2,63.5,2.754,48.41,0.633,0.06
2.09,163.409,0.401,2589,0.287,85.1,63.5,2.746,48.094,0.633,0.08
2.105,162.982,0.344,2589,0.287,85.1,63.5,2.747,47.824,0.633,0.075
2.121,162.526,0.229,2589,0.287,85.2,63.5,2.757,47.518,0.633,0.05
2.145,161.845,0.002,2589,0.287,85.3,63.5,2.776,47.071,0.632,4.589e-4
2.182,160.829,0.286,2589,0.287,85.2,63.5,2.753,46.438,0.632,0.056
2.202,160.268,0.344,2589,0.287,85.1,63.5,2.747,46.093,0.632,0.071
2.22,159.783,0.286,2589,0.287,85.1,63.5,2.75,45.792,0.631,0.061
2.241,159.207,0.172,2589,0.287,85.2,63.5,2.761,45.434,0.631,0.033
2.272,158.35,0.057,2589,0.287,85.3,63.5,2.768,44.903,0.631,0.013
2.32,157.078,0.172,2589,0.287,85.2,63.5,2.756,44.121,0.63,0.04
2.346,156.376,0.172,2589,0.287,85.2,63.5,2.756,43.686,0.63,0.038
2.381,155.455,0.005,2589,0.287,85.3,63.5,2.77,43.115,0.63,9.907e-4
2.431,154.143,0.115,2589,0.287,85.2,63.5,2.758,42.324,0.629,0.03
2.466,153.226,0.172,2589,0.287,85.2,63.5,2.756,41.776,0.629,0.031
2.509,152.133,0.011,2589,0.287,85.3,63.5,2.767,41.121,0.628,0.002
2.559,150.861,0.057,2589,0.287,85.2,63.5,2.761,40.353,0.628,0.016
2.609,149.604,0.057,2589,0.287,85.2,63.5,2.76,39.601,0.627,0.014
2.659,148.361,0.115,2589,0.287,85.2,63.5,2.757,38.908,0.626,0.019
2.709,147.132,0.021,2589,0.287,85.2,63.5,2.762,38.233,0.626,0.004
2.759,145.914,0.057,2589,0.287,85.2,63.5,2.756,37.571,0.626,0.017
2.809,144.708,0.115,2589,0.287,85.1,63.5,2.75,36.899,0.625,0.03
2.852,143.671,0.041,2589,0.287,85.2,63.5,2.758,36.332,0.625,0.009
2.902,142.491,0.115,2589,0.287,85.2,63.5,2.753,35.688,0.624,0.019
2.952,141.324,0.172,2589,0.287,85.1,63.5,2.745,35.081,0.624,0.036
2.991,140.423,0.057,2589,0.287,85.1,63.5,2.752,34.607,0.623,0.018
3.041,139.275,0.172,2589,0.287,85.1,63.5,2.743,33.99,0.623,0.038
3.08,138.397,0.172,2589,0.287,85.1,63.5,2.741,33.537,0.623,0.042
3.118,137.528,0.057,2589,0.287,85.1,63.5,2.75,33.088,0.622,0.017
3.168,136.409,0.115,2589,0.287,85.1,63.5,2.747,32.514,0.622,0.022
3.218,135.303,0.115,2589,0.287,85.1,63.5,2.747,31.94,0.621,0.02
3.268,134.207,0.026,2589,0.287,85.2,63.5,2.752,31.363,0.621,0.006
3.318,133.121,0.009,2589,0.287,85.2,63.5,2.753,30.83,0.621,0.002
3.368,132.046,0.044,2589,0.287,85.1,63.5,2.749,30.315,0.62,0.009
3.418,130.981,0.026,2589,0.287,85.1,63.5,2.75,29.8,0.62,0.005
3.468,129.925,0.013,2589,0.287,85.1,63.5,2.751,29.297,0.619,0.003
3.518,128.879,0.014,2589,0.287,85.1,63.5,2.75,28.813,0.619,0.003
3.568,127.843,0.019,2589,0.287,85.1,63.5,2.749,28.334,0.619,0.004
3.618,126.815,0.172,2589,0.287,85,63.5,2.737,27.834,0.618,0.03
3.668,125.796,0.172,2589,0.287,85,63.5,2.732,27.335,0.618,0.041
3.716,124.82,0.115,2589,0.287,85.1,63.5,2.74,26.85,0.618,0.021
3.766,123.822,0.172,2589,0.287,85,63.5,2.735,26.381,0.617,0.032
3.816,122.833,0.286,2589,0.287,84.9,63.5,2.723,25.931,0.617,0.06
3.85,122.175,0.229,2589,0.287,84.9,63.5,2.725,25.629,0.617,0.053
3.892,121.361,0.229,2589,0.287,85,63.5,2.728,25.291,0.616,0.045
3.941,120.409,0.028,2589,0.287,85.1,63.5,2.743,24.886,0.616,0.006
3.991,119.446,0.229,2589,0.287,84.9,63.5,2.724,24.484,0.616,0.053
4.031,118.676,0.286,2589,0.287,84.9,63.5,2.72,24.163,0.615,0.062
4.069,117.965,0.229,2589,0.287,84.9,63.5,2.726,23.859,0.615,0.043
4.119,117.022,0.026,2589,0.287,85.1,63.5,2.741,23.451,0.615,0.006
4.169,116.089,0.115,2589,0.287,85,63.5,2.733,23.046,0.615,0.024
4.219,115.165,0.172,2589,0.287,84.9,63.5,2.726,22.653,0.614,0.039
4.269,114.247,0.172,2589,0.287,85,63.5,2.729,22.273,0.614,0.032
4.319,113.337,9.465e-4,2589,0.287,85.1,63.5,2.741,21.896,0.614,1.979e-4
4.369,112.432,0.172,2589,0.287,84.9,63.5,2.726,21.525,0.613,0.036
4.419,111.534,0.286,2589,0.287,84.9,63.5,2.717,21.151,0.613,0.058
4.463,110.738,0.229,2589,0.287,84.9,63.5,2.718,20.811,0.613,0.053
4.513,109.855,0.02,2589,0.287,85,63.5,2.737,20.44,0.613,0.004
4.563,108.979,0.286,2589,0.287,84.9,63.5,2.716,20.095,0.612,0.056
4.61,108.168,0.401,2589,0.287,84.8,63.5,2.706,19.78,0.612,0.08
4.645,107.568,0.344,2589,0.287,84.8,63.5,2.709,19.547,0.612,0.072
4.685,106.871,0.229,2589,0.287,84.9,63.5,2.72,19.285,0.612,0.044
4.735,106.018,0.057,2589,0.287,85,63.5,2.731,18.968,0.611,0.015
4.785,105.169,0.458,2589,0.287,84.7,63.5,2.699,18.645,0.611,0.095
4.816,104.648,0.458,2589,0.287,84.7,63.5,2.695,18.453,0.611,0.103
4.846,104.143,0.286,2589,0.287,84.8,63.5,2.711,18.271,0.611,0.061
4.891,103.391,0.115,2589,0.287,84.9,63.5,2.723,18.017,0.611,0.03
4.941,102.563,0.286,2589,0.287,84.8,63.5,2.708,17.722,0.61,0.066
4.987,101.808,0.172,2589,0.287,84.9,63.5,2.719,17.43,0.61,0.038
5.037,100.991,0.055,2589,0.287,85,63.5,2.73,17.136,0.61,0.011
5.087,100.178,0.115,2589,0.287,84.9,63.5,2.724,16.846,0.61,0.023
5.137,99.371,0.229,2589,0.287,84.8,63.5,2.712,16.557,0.61,0.052
5.187,98.569,0.115,2589,0.287,84.9,63.5,2.725,16.286,0.609,0.021
5.237,97.774,0.057,2589,0.287,84.9,63.5,2.727,16.018,0.609,0.014
5.287,96.984,0.229,2589,0.287,84.9,63.5,2.715,15.758,0.609,0.043
5.337,96.199,0.229,2589,0.287,84.8,63.5,2.713,15.501,0.609,0.048
5.387,95.419,0.115,2589,0.287,84.9,63.5,2.722,15.242,0.608,0.022
5.437,94.644,0.057,2589,0.287,84.9,63.5,2.724,14.988,0.608,0.016
5.487,93.872,0.172,2589,0.287,84.9,63.5,2.716,14.744,0.608,0.037
5.537,93.106,0.115,2589,0.287,84.9,63.5,2.719,14.508,0.608,0.027
5.587,92.344,0.057,2589,0.287,84.9,63.5,2.725,14.271,0.608,0.013
5.637,91.587,6.95e-4,2589,0.287,85,63.5,2.73,14.033,0.607,1.444e-4
5.687,90.836,0.014,2589,0.287,85,63.5,2.728,13.791,0.607,0.003
5.737,90.088,0.115,2589,0.287,84.9,63.5,2.721,13.545,0.607,0.018
5.787,89.346,0.023,2589,0.287,84.9,63.5,2.727,13.319,0.607,0.005
5.837,88.608,0.042,2589,0.287,84.9,63.5,2.725,13.088,0.607,0.009
5.887,87.874,0.007,2589,0.287,85,63.5,2.727,12.856,0.607,0.001
5.937,87.145,0.115,2589,0.287,84.9,63.5,2.718,12.644,0.606,0.023
5.987,86.421,0.115,2589,0.287,84.9,63.5,2.717,12.43,0.606,0.024
6.037,85.7,0.172,2589,0.287,84.9,63.5,2.714,12.226,0.606,0.031
6.087,84.984,0.057,2589,0.287,84.9,63.5,2.721,12.02,0.606,0.014
6.137,84.271,0.009,2589,0.287,84.9,63.5,2.726,11.82,0.606,0.002
6.187,83.562,0.229,2589,0.287,84.8,63.5,2.706,11.609,0.606,0.049
6.237,82.856,0.229,2589,0.287,84.8,63.5,2.706,11.412,0.605,0.048
6.287,82.154,0.115,2589,0.287,84.8,63.5,2.714,11.217,0.605,0.029
6.337,81.457,0.028,2589,0.287,84.9,63.5,2.723,11.021,0.605,0.006
6.387,80.764,0.035,2589,0.287,84.9,63.5,2.722,10.818,0.605,0.007
6.437,80.074,0.172,2589,0.287,84.8,63.5,2.71,10.605,0.605,0.035
6.487,79.389,0.057,2589,0.287,84.9,63.5,2.718,10.423,0.605,0.016
6.537,78.708,0.286,2589,0.287,84.7,63.5,2.699,10.249,0.604,0.062
6.587,78.03,0.344,2589,0.287,84.7,63.5,2.696,10.068,0.604,0.069
6.637,77.356,0.172,2589,0.287,84.8,63.5,2.71,9.878,0.604,0.033
6.687,76.686,0.057,2589,0.287,84.9,63.5,2.718,9.705,0.604,0.013
6.737,76.018,0.286,2589,0.287,84.7,63.5,2.697,9.515,0.604,0.064
6.787,75.353,0.344,2589,0.287,84.7,63.5,2.694,9.345,0.604,0.07
6.837,74.692,0.172,2589,0.287,84.8,63.5,2.709,9.182,0.603,0.031
6.887,74.034,0.172,2589,0.287,84.8,63.5,2.706,9.034,0.603,0.039
6.937,73.381,0.344,2589,0.287,84.7,63.5,2.692,8.881,0.603,0.074
6.987,72.73,0.458,2589,0.287,84.6,63.5,2.682,8.736,0.603,0.097
7.037,72.083,0.229,2589,0.287,84.7,63.5,2.7,8.572,0.603,0.053
7.087,71.438,0.172,2589,0.287,84.8,63.5,2.708,8.428,0.603,0.033
7.137,70.796,0.002,2589,0.287,84.9,63.5,2.721,8.285,0.603,3.722e-4
7.187,70.156,0.172,2589,0.287,84.8,63.5,2.707,8.143,0.603,0.034
7.237,69.519,0.344,2589,0.287,84.7,63.5,2.692,8.001,0.602,0.069
7.287,68.884,0.458,2589,0.287,84.6,63.5,2.681,7.856,0.602,0.097
7.337,68.251,0.286,2589,0.287,84.7,63.5,2.695,7.72,0.602,0.062
7.387,67.623,0.172,2589,0.287,84.8,63.5,2.707,7.58,0.602,0.032
7.437,66.997,0.003,2589,0.287,84.9,63.5,2.719,7.441,0.602,5.741e-4
7.487,66.375,0.026,2589,0.287,84.9,63.5,2.717,7.296,0.602,0.005
7.537,65.756,0.02,2589,0.287,84.9,63.5,2.718,7.151,0.602,0.004
7.587,65.139,0.172,2589,0.287,84.8,63.5,2.706,7.018,0.602,0.031
7.637,64.526,0.286,2589,0.287,84.7,63.5,2.694,6.892,0.602,0.061
7.687,63.915,0.458,2589,0.287,84.6,63.5,2.68,6.776,0.601,0.095
7.737,63.308,0.401,2589,0.287,84.6,63.5,2.683,6.652,0.601,0.087
7.787,62.702,0.344,2589,0.287,84.7,63.5,2.69,6.532,0.601,0.069
7.837,62.099,0.009,2589,0.287,84.9,63.5,2.717,6.402,0.601,0.002
7.887,61.497,0.344,2589,0.287,84.7,63.5,2.689,6.275,0.601,0.07
7.937,60.896,0.516,2589,0.287,84.5,63.5,2.675,6.157,0.601,0.107
7.971,60.49,0.458,2589,0.287,84.6,63.5,2.678,6.081,0.601,0.099
8.021,59.894,0.401,2589,0.287,84.6,63.5,2.684,5.966,0.601,0.081
8.071,59.301,0.286,2589,0.287,84.7,63.5,2.692,5.848,0.601,0.062
8.121,58.71,0.019,2589,0.287,84.9,63.5,2.715,5.743,0.601,0.004
8.171,58.123,0.286,2589,0.287,84.7,63.5,2.694,5.638,0.6,0.055
8.221,57.538,0.286,2589,0.287,84.7,63.5,2.693,5.521,0.6,0.057
8.271,56.956,0.286,2589,0.287,84.7,63.5,2.692,5.41,0.6,0.06
8.321,56.376,0.229,2589,0.287,84.7,63.5,2.695,5.301,0.6,0.052
8.371,55.798,0.115,2589,0.287,84.8,63.5,2.705,5.19,0.6,0.026
8.421,55.221,0.115,2589,0.287,84.8,63.5,2.706,5.076,0.6,0.023
8.471,54.647,0.458,2589,0.287,84.5,63.5,2.676,4.958,0.6,0.1
8.521,54.074,0.401,2589,0.287,84.6,63.5,2.681,4.857,0.6,0.085
8.571,53.504,0.115,2589,0.287,84.8,63.5,2.706,4.765,0.6,0.024
8.621,52.936,0.03,2589,0.287,84.8,63.5,2.713,4.667,0.6,0.006
8.671,52.372,0.286,2589,0.287,84.7,63.5,2.689,4.579,0.6,0.063
8.721,51.809,0.516,2589,0.287,84.5,63.5,2.673,4.492,0.599,0.105
8.771,51.249,0.516,2589,0.287,84.5,63.5,2.672,4.399,0.599,0.106
8.821,50.691,0.229,2589,0.287,84.7,63.5,2.693,4.295,0.599,0.053
8.871,50.134,0.229,2589,0.287,84.7,63.5,2.697,4.185,0.599,0.043
8.921,49.578,0.573,2589,0.287,84.5,63.5,2.668,4.084,0.599,0.115
8.971,49.024,0.573,2589,0.287,84.5,63.5,2.667,3.995,0.599,0.119
9.021,48.472,0.573,2589,0.287,84.5,63.5,2.666,3.902,0.599,0.119
9.071,47.923,0.286,2589,0.287,84.7,63.5,2.692,3.819,0.599,0.054
9.121,47.376,0.229,2589,0.287,84.7,63.5,2.692,3.749,0.599,0.053
9.171,46.832,0.63,2589,0.287,84.4,63.5,2.661,3.679,0.599,0.132
9.221,46.29,0.688,2589,0.287,84.4,63.5,2.655,3.596,0.599,0.146
9.271,45.75,0.859,2589,0.287,84.3,63.5,2.643,3.525,0.599,0.179
9.321,45.212,0.802,2589,0.287,84.3,63.5,2.645,3.449,0.599,0.172
9.371,44.676,0.573,2589,0.287,84.5,63.5,2.664,3.365,0.598,0.124
9.421,44.141,0.573,2589,0.287,84.5,63.5,2.667,3.298,0.598,0.115
9.471,43.607,0.573,2589,0.287,84.5,63.5,2.667,3.237,0.598,0.115
9.521,43.075,0.286,2589,0.287,84.6,63.5,2.688,3.165,0.598,0.061
9.571,42.544,0.344,2589,0.287,84.6,63.5,2.682,3.08,0.598,0.075
9.621,42.014,0.573,2589,0.287,84.4,63.5,2.663,3.014,0.598,0.123
9.671,41.486,0.458,2589,0.287,84.5,63.5,2.674,2.959,0.598,0.096
9.721,40.959,0.573,2589,0.287,84.5,63.5,2.665,2.893,0.598,0.118
9.771,40.433,0.516,2589,0.287,84.5,63.5,2.667,2.831,0.598,0.113
9.821,39.91,0.573,2589,0.287,84.5,63.5,2.664,2.765,0.598,0.12
9.871,39.388,0.573,2589,0.287,84.4,63.5,2.662,2.697,0.598,0.125
9.921,38.868,0.458,2589,0.287,84.5,63.5,2.671,2.633,0.598,0.101
9.971,38.35,0.286,2589,0.287,84.6,63.5,2.686,2.569,0.598,0.064
10.021,37.835,0.286,2589,0.287,84.6,63.5,2.687,2.501,0.598,0.061
10.071,37.321,0.516,2589,0.287,84.5,63.5,2.67,2.424,0.598,0.103
10.121,36.809,0.286,2589,0.287,84.7,63.5,2.689,2.362,0.598,0.054
10.171,36.3,0.115,2589,0.287,84.7,63.5,2.701,2.297,0.598,0.026
10.221,35.792,0.172,2589,0.287,84.7,63.5,2.695,2.225,0.597,0.04
10.271,35.286,0.344,2589,0.287,84.6,63.5,2.683,2.152,0.597,0.069
10.321,34.783,0.115,2589,0.287,84.7,63.5,2.7,2.09,0.597,0.026
10.371,34.282,0.63,2589,0.287,84.4,63.5,2.658,2.052,0.597,0.134
10.421,33.783,0.859,2589,0.287,84.3,63.5,2.639,1.998,0.597,0.183
10.471,33.286,0.802,2589,0.287,84.3,63.5,2.646,1.932,0.597,0.163
10.521,32.791,1.031,2589,0.287,84.1,63.5,2.623,1.885,0.597,0.224
10.571,32.298,1.203,2589,0.287,84,63.5,2.611,1.837,0.597,0.258
10.621,31.807,1.547,2589,0.287,83.8,63.5,2.585,1.8,0.597,0.33
10.671,31.318,2.235,2589,0.287,83.4,63.5,2.53,1.79,0.597,0.493
10.721,30.831,2.578,2589,0.287,83.2,63.5,2.506,1.766,0.597,0.568
10.771,30.346,2.75,2589,0.287,83.1,63.5,2.492,1.741,0.597,0.616
10.821,29.863,2.807,2589,0.287,83.1,63.5,2.489,1.714,0.597,0.622
10.871,29.381,2.292,2589,0.287,83.4,63.5,2.526,1.66,0.597,0.504
10.921,28.901,1.49,2589,0.287,83.8,63.5,2.586,1.6,0.597,0.326
10.971,28.421,0.573,2589,0.287,84.5,63.5,2.664,1.54,0.597,0.116
11.021,27.942,0.63,2589,0.287,84.4,63.5,2.657,1.484,0.597,0.132
11.071,27.463,1.891,2589,0.287,83.6,63.5,2.556,1.435,0.597,0.414
11.121,26.984,2.75,2589,0.287,83.1,63.5,2.491,1.398,0.597,0.615
11.171,26.506,2.865,2589,0.287,83,63.5,2.482,1.369,0.597,0.644
11.221,26.031,2.693,2589,0.287,83.1,63.5,2.495,1.339,0.597,0.604
11.271,25.558,2.636,2589,0.287,83.2,63.5,2.501,1.303,0.597,0.583
11.321,25.089,2.464,2589,0.287,83.3,63.5,2.513,1.266,0.597,0.545
11.371,24.622,2.406,2589,0.287,83.3,63.5,2.519,1.224,0.597,0.525
11.421,24.159,2.177,2589,0.287,83.4,63.5,2.533,1.181,0.597,0.481
11.471,23.699,2.177,2589,0.287,83.4,63.5,2.535,1.132,0.596,0.476
11.521,23.243,1.891,2589,0.287,83.6,63.5,2.556,1.087,0.596,0.411
11.571,22.792,1.719,2589,0.287,83.7,63.5,2.57,1.039,0.596,0.369
11.621,22.344,1.146,2589,0.287,84,63.5,2.612,0.998,0.596,0.25
11.671,21.9,0.037,2589,0.287,84.8,63.5,2.706,0.975,0.596,0.008
11.721,21.462,1.031,2589,0.287,84.1,63.5,2.625,0.957,0.596,0.216
11.771,21.027,2.063,2589,0.287,83.5,63.5,2.543,0.945,0.596,0.448
11.821,20.597,2.521,2589,0.287,83.2,63.5,2.51,0.914,0.596,0.553
11.871,20.17,2.521,2589,0.287,83.2,63.5,2.509,0.868,0.596,0.554
11.921,19.747,2.979,2589,0.287,83,63.5,2.475,0.844,0.596,0.665
11.971,19.328,3.266,2589,0.287,82.8,63.5,2.454,0.815,0.596,0.736
12.021,18.913,3.61,2589,0.287,82.6,63.5,2.431,0.792,0.596,0.819
12.071,18.503,3.896,2589,0.287,82.5,63.5,2.411,0.769,0.596,0.891
12.121,18.098,3.896,2589,0.287,82.5,63.5,2.411,0.736,0.596,0.89
12.171,17.697,3.896,2589,0.287,82.5,63.5,2.412,0.707,0.596,0.886
12.221,17.301,4.068,2589,0.287,82.4,63.5,2.399,0.687,0.596,0.934
12.271,16.911,4.412,2589,0.287,82.2,63.5,2.376,0.677,0.596,1.023
12.321,16.527,4.698,2589,0.287,82,63.5,2.356,0.668,0.596,1.098
12.371,16.148,4.584,2589,0.287,82.1,63.5,2.363,0.644,0.596,1.07
12.421,15.777,4.297,2589,0.287,82.2,63.5,2.382,0.616,0.596,0.996
12.471,15.412,4.125,2589,0.287,82.3,63.5,2.394,0.595,0.596,0.953
12.521,15.054,4.068,2589,0.287,82.4,63.5,2.399,0.58,0.596,0.934
12.571,14.704,3.495,2589,0.287,82.7,63.5,2.439,0.546,0.596,0.789
12.621,14.363,3.438,2589,0.287,82.7,63.5,2.441,0.535,0.596,0.778
12.671,14.031,3.724,2589,0.287,82.6,63.5,2.423,0.539,0.596,0.846
12.721,13.709,3.839,2589,0.287,82.5,63.5,2.414,0.539,0.596,0.879
12.771,13.396,3.61,2589,0.287,82.6,63.5,2.432,0.525,0.596,0.813
12.821,13.095,2.865,2589,0.287,83,63.5,2.483,0.491,0.596,0.636
12.871,12.805,2.693,2589,0.287,83.1,63.5,2.497,0.482,0.596,0.592
12.921,12.528,2.235,2589,0.287,83.4,63.5,2.531,0.461,0.596,0.485
12.971,12.265,1.604,2589,0.287,83.8,63.5,2.578,0.434,0.596,0.343
13.021,12.016,1.318,2589,0.287,83.9,63.5,2.6,0.42,0.596,0.282
13.071,11.783,1.203,2589,0.287,84,63.5,2.609,0.413,0.596,0.255
13.121,11.566,0.974,2589,0.287,84.2,63.5,2.629,0.399,0.596,0.203
13.171,11.366,0.859,2589,0.287,84.2,63.5,2.635,0.392,0.596,0.185
13.221,11.184,0.917,2589,0.287,84.2,63.5,2.634,0.388,0.596,0.188
13.271,11.021,0.745,2589,0.287,84.3,63.5,2.648,0.372,0.596,0.151
13.321,10.878,0.573,2589,0.287,84.4,63.5,2.661,0.353,0.596,0.118
13.371,10.756,0.573,2589,0.287,84.4,63.5,2.661,0.341,0.596,0.118
13.421,10.655,0.63,2589,0.287,84.4,63.5,2.656,0.327,0.596,0.131
13.471,10.577,0.859,2589,0.287,84.2,63.5,2.636,0.327,0.596,0.183
13.521,10.52,1.146,2589,0.287,84.1,63.5,2.613,0.334,0.596,0.243
13.571,10.486,1.375,2589,0.287,83.9,63.5,2.593,0.349,0.596,0.299
13.621,10.474,1.604,2589,0.287,83.8,63.5,2.579,0.352,0.596,0.339
13.671,10.485,1.719,2589,0.287,83.7,63.5,2.567,0.356,0.596,0.375
13.675,15.028,NaN,2589,NaN,NaN,NaN,NaN,23.896,NaN,NaN
13.781,14.144,NaN,2589,NaN,NaN,NaN,NaN,23.824,NaN,NaN
13.879,13.629,NaN,2589,NaN,NaN,NaN,NaN,21.536,NaN,NaN
13.959,12.933,NaN,2589,NaN,NaN,NaN,NaN,18.755,NaN,NaN
14.125,12.433,NaN,2589,NaN,NaN,NaN,NaN,18.062,NaN,NaN
14.269,12.042,NaN,2589,NaN,NaN,NaN,NaN,16.053,NaN,NaN
14.446,11.805,NaN,2589,NaN,NaN,NaN,NaN,14.944,NaN,NaN
14.695,12.045,NaN,2589,NaN,NaN,NaN,NaN,14.945,NaN,NaN
14.955,12.635,NaN,2589,NaN,NaN,NaN,NaN,16.136,NaN,NaN
15.209,12.949,NaN,2589,NaN,NaN,NaN,NaN,16.477,NaN,NaN
15.475,13.336,NaN,2589,NaN,NaN,NaN,NaN,17.208,NaN,NaN
15.77,13.932,NaN,2589,NaN,NaN,NaN,NaN,18.987,NaN,NaN
16.113,14.455,NaN,2589,NaN,NaN,NaN,NaN,20.692,NaN,NaN
16.537,14.91,NaN,2589,NaN,NaN,NaN,NaN,22.361,NaN,NaN
16.913,15.071,NaN,2589,NaN,NaN,NaN,NaN,23.091,NaN,NaN
17.413,15.304,NaN,2589,NaN,NaN,NaN,NaN,24.045,NaN,NaN
17.913,15.424,NaN,2589,NaN,NaN,NaN,NaN,25.233,NaN,NaN
18.413,15.43,NaN,2589,NaN,NaN,NaN,NaN,25.047,NaN,NaN
18.913,15.449,NaN,2589,NaN,NaN,NaN,NaN,25.187,NaN,NaN
19.413,15.457,NaN,2589,NaN,NaN,NaN,NaN,25.297,NaN,NaN
19.913,15.458,NaN,2589,NaN,NaN,NaN,NaN,25.354,NaN,NaN
20.413,15.455,NaN,2589,NaN,NaN,NaN,NaN,25.383,NaN,NaN
20.913,15.449,NaN,2589,NaN,NaN,NaN,NaN,25.373,NaN,NaN
21.413,15.444,NaN,2589,NaN,NaN,NaN,NaN,25.383,NaN,NaN
21.913,15.439,NaN,2589,NaN,NaN,NaN,NaN,25.385,NaN,NaN
22.413,15.434,NaN,2589,NaN,NaN,NaN,NaN,25.407,NaN,NaN
22.913,15.428,NaN,2589,NaN,NaN,NaN,NaN,25.415,NaN,NaN
23.413,15.423,NaN,2589,NaN,NaN,NaN,NaN,25.448,NaN,NaN
23.913,15.413,NaN,2589,NaN,NaN,NaN,NaN,25.364,NaN,NaN
24.413,15.413,NaN,2589,NaN,NaN,NaN,NaN,25.482,NaN,NaN
24.913,15.407,NaN,2589,NaN,NaN,NaN,NaN,25.511,NaN,NaN
25.413,15.391,NaN,2589,NaN,NaN,NaN,NaN,25.329,NaN,NaN
25.913,15.39,NaN,2589,NaN,NaN,NaN,NaN,25.377,NaN,NaN
26.413,15.385,NaN,2589,NaN,NaN,NaN,NaN,25.386,NaN,NaN
26.913,15.38,NaN,2589,NaN,NaN,NaN,NaN,25.385,NaN,NaN
27.413,15.374,NaN,2589,NaN,NaN,NaN,NaN,25.38,NaN,NaN
27.913,15.369,NaN,2589,NaN,NaN,NaN,NaN,25.392,NaN,NaN
28.413,15.364,NaN,2589,NaN,NaN,NaN,NaN,25.393,NaN,NaN
28.913,15.359,NaN,2589,NaN,NaN,NaN,NaN,25.43,NaN,NaN
29.413,15.351,NaN,2589,NaN,NaN,NaN,NaN,25.39,NaN,NaN
29.913,15.346,NaN,2589,NaN,NaN,NaN,NaN,25.398,NaN,NaN
30.413,15.34,NaN,2589,NaN,NaN,NaN,NaN,25.392,NaN,NaN
30.913,15.334,NaN,2589,NaN,NaN,NaN,NaN,25.376,NaN,NaN
31.413,15.333,NaN,2589,NaN,NaN,NaN,NaN,25.468,NaN,NaN
31.913,15.32,NaN,2589,NaN,NaN,NaN,NaN,25.358,NaN,NaN
32.413,15.317,NaN,2589,NaN,NaN,NaN,NaN,25.376,NaN,NaN
32.913,15.312,NaN,2589,NaN,NaN,NaN,NaN,25.39,NaN,NaN
33.413,15.307,NaN,2589,NaN,NaN,NaN,NaN,25.393,NaN,NaN
33.913,15.301,NaN,2589,NaN,NaN,NaN,NaN,25.389,NaN,NaN
34.413,15.295,NaN,2589,NaN,NaN,NaN,NaN,25.387,NaN,NaN
34.913,15.293,NaN,2589,NaN,NaN,NaN,NaN,25.47,NaN,NaN
35.413,15.283,NaN,2589,NaN,NaN,NaN,NaN,25.41,NaN,NaN
35.913,15.278,NaN,2589,NaN,NaN,NaN,NaN,25.425,NaN,NaN
36.413,15.28,NaN,2589,NaN,NaN,NaN,NaN,25.591,NaN,NaN
36.852,15.257,NaN,2589,NaN,NaN,NaN,NaN,25.309,NaN,NaN
37.352,15.26,NaN,2589,NaN,NaN,NaN,NaN,25.38,NaN,NaN
37.852,15.257,NaN,2589,NaN,NaN,NaN,NaN,25.432,NaN,NaN
38.352,15.251,NaN,2589,NaN,NaN,NaN,NaN,25.422,NaN,NaN
38.852,15.243,NaN,2589,NaN,NaN,NaN,NaN,25.376,NaN,NaN
39.352,15.238,NaN,2589,NaN,NaN,NaN,NaN,25.377,NaN,NaN
39.852,15.233,NaN,2589,NaN,NaN,NaN,NaN,25.381,NaN,NaN
40.352,15.228,NaN,2589,NaN,NaN,NaN,NaN,25.39,NaN,NaN
40.852,15.223,NaN,2589,NaN,NaN,NaN,NaN,25.403,NaN,NaN
41.352,15.216,NaN,2589,NaN,NaN,NaN,NaN,25.381,NaN,NaN
41.852,15.211,NaN,2589,NaN,NaN,NaN,NaN,25.393,NaN,NaN
42.352,15.205,NaN,2589,NaN,NaN,NaN,NaN,25.39,NaN,NaN
42.852,15.2,NaN,2589,NaN,NaN,NaN,NaN,25.411,NaN,NaN
43.352,15.193,NaN,2589,NaN,NaN,NaN,NaN,25.393,NaN,NaN
43.852,15.187,NaN,2589,NaN,NaN,NaN,NaN,25.383,NaN,NaN
44.352,15.183,NaN,2589,NaN,NaN,NaN,NaN,25.414,NaN,NaN
44.852,15.184,NaN,2589,NaN,NaN,NaN,NaN,25.598,NaN,NaN
45.352,15.163,NaN,2589,NaN,NaN,NaN,NaN,25.316,NaN,NaN
45.852,15.162,NaN,2589,NaN,NaN,NaN,NaN,25.366,NaN,NaN
46.352,15.158,NaN,2589,NaN,NaN,NaN,NaN,25.377,NaN,NaN
46.852,15.16,NaN,2589,NaN,NaN,NaN,NaN,25.562,NaN,NaN
47.302,15.142,NaN,2589,NaN,NaN,NaN,NaN,25.351,NaN,NaN
47.802,15.14,NaN,2589,NaN,NaN,NaN,NaN,25.372,NaN,NaN
48.302,15.135,NaN,2589,NaN,NaN,NaN,NaN,25.373,NaN,NaN
48.802,15.133,NaN,2589,NaN,NaN,NaN,NaN,25.447,NaN,NaN
49.302,15.125,NaN,2589,NaN,NaN,NaN,NaN,25.41,NaN,NaN
49.31,14.621,NaN,2589,NaN,NaN,NaN,NaN,184.615,NaN,NaN
49.311,14.522,NaN,2589,NaN,NaN,NaN,NaN,172.62,NaN,NaN
49.313,14.414,NaN,2589,NaN,NaN,NaN,NaN,170.275,NaN,NaN
49.315,14.305,NaN,2589,NaN,NaN,NaN,NaN,167.746,NaN,NaN
49.317,14.195,NaN,2589,NaN,NaN,NaN,NaN,165.223,NaN,NaN
49.319,14.085,NaN,2589,NaN,NaN,NaN,NaN,162.7,NaN,NaN
49.322,13.973,NaN,2589,NaN,NaN,NaN,NaN,160.178,NaN,NaN
49.324,13.861,NaN,2589,NaN,NaN,NaN,NaN,157.658,NaN,NaN
49.326,13.748,NaN,2589,NaN,NaN,NaN,NaN,155.139,NaN,NaN
49.328,13.635,NaN,2589,NaN,NaN,NaN,NaN,152.621,NaN,NaN
49.331,13.52,NaN,2589,NaN,NaN,NaN,NaN,150.104,NaN,NaN
49.333,13.404,NaN,2589,NaN,NaN,NaN,NaN,147.589,NaN,NaN
49.336,13.288,NaN,2589,NaN,NaN,NaN,NaN,145.075,NaN,NaN
49.338,13.17,NaN,2589,NaN,NaN,NaN,NaN,142.562,NaN,NaN
49.341,13.051,NaN,2589,NaN,NaN,NaN,NaN,140.051,NaN,NaN
49.344,12.932,NaN,2589,NaN,NaN,NaN,NaN,137.542,NaN,NaN
49.347,12.811,NaN,2589,NaN,NaN,NaN,NaN,135.034,NaN,NaN
49.35,12.69,NaN,2589,NaN,NaN,NaN,NaN,132.527,NaN,NaN
49.353,12.567,NaN,2589,NaN,NaN,NaN,NaN,130.023,NaN,NaN
49.356,12.443,NaN,2589,NaN,NaN,NaN,NaN,127.529,NaN,NaN
49.359,12.319,NaN,2589,NaN,NaN,NaN,NaN,125.041,NaN,NaN
49.362,12.194,NaN,2589,NaN,NaN,NaN,NaN,122.556,NaN,NaN
49.366,12.067,NaN,2589,NaN,NaN,NaN,NaN,120.074,NaN,NaN
49.369,11.939,NaN,2589,NaN,NaN,NaN,NaN,117.595,NaN,NaN
49.373,11.81,NaN,2589,NaN,NaN,NaN,NaN,115.119,NaN,NaN
49.377,11.68,NaN,2589,NaN,NaN,NaN,NaN,112.646,NaN,NaN
49.381,11.548,NaN,2589,NaN,NaN,NaN,NaN,110.177,NaN,NaN
49.385,11.415,NaN,2589,NaN,NaN,NaN,NaN,107.711,NaN,NaN
49.39,11.281,NaN,2589,NaN,NaN,NaN,NaN,105.249,NaN,NaN
49.394,11.145,NaN,2589,NaN,NaN,NaN,NaN,102.791,NaN,NaN
49.399,11.008,NaN,2589,NaN,NaN,NaN,NaN,100.338,NaN,NaN
49.404,10.869,NaN,2589,NaN,NaN,NaN,NaN,97.889,NaN,NaN
49.409,10.728,NaN,2589,NaN,NaN,NaN,NaN,95.369,NaN,NaN
49.415,10.587,NaN,2589,NaN,NaN,NaN,NaN,92.905,NaN,NaN
49.42,10.443,NaN,2589,NaN,NaN,NaN,NaN,90.467,NaN,NaN
49.426,10.298,NaN,2589,NaN,NaN,NaN,NaN,88.035,NaN,NaN
49.433,10.152,NaN,2589,NaN,NaN,NaN,NaN,85.609,NaN,NaN
49.439,10.003,NaN,2589,NaN,NaN,NaN,NaN,83.19,NaN,NaN
49.446,9.853,NaN,2589,NaN,NaN,NaN,NaN,80.778,NaN,NaN
49.453,9.701,NaN,2589,NaN,NaN,NaN,NaN,78.373,NaN,NaN
49.461,9.547,NaN,2589,NaN,NaN,NaN,NaN,75.98,NaN,NaN
49.47,9.39,NaN,2589,NaN,NaN,NaN,NaN,73.585,NaN,NaN
49.479,9.23,NaN,2589,NaN,NaN,NaN,NaN,71.187,NaN,NaN
49.488,9.069,NaN,2589,NaN,NaN,NaN,NaN,68.799,NaN,NaN
49.498,8.906,NaN,2589,NaN,NaN,NaN,NaN,66.421,NaN,NaN
49.51,8.74,NaN,2589,NaN,NaN,NaN,NaN,64.054,NaN,NaN
49.522,8.57,NaN,2589,NaN,NaN,NaN,NaN,61.695,NaN,NaN
49.535,8.397,NaN,2589,NaN,NaN,NaN,NaN,59.319,NaN,NaN
49.549,8.222,NaN,2589,NaN,NaN,NaN,NaN,56.954,NaN,NaN
49.565,8.044,NaN,2589,NaN,NaN,NaN,NaN,54.602,NaN,NaN
49.582,7.863,NaN,2589,NaN,NaN,NaN,NaN,52.26,NaN,NaN
49.602,7.679,NaN,2589,NaN,NaN,NaN,NaN,49.933,NaN,NaN
49.624,7.492,NaN,2589,NaN,NaN,NaN,NaN,47.622,NaN,NaN
49.648,7.305,NaN,2589,NaN,NaN,NaN,NaN,45.32,NaN,NaN
49.675,7.115,NaN,2589,NaN,NaN,NaN,NaN,43.089,NaN,NaN
49.707,6.927,NaN,2589,NaN,NaN,NaN,NaN,40.889,NaN,NaN
49.742,6.745,NaN,2589,NaN,NaN,NaN,NaN,38.791,NaN,NaN
49.777,6.612,NaN,2589,NaN,NaN,NaN,NaN,36.983,NaN,NaN
49.83,6.405,NaN,2589,NaN,NaN,NaN,NaN,35.336,NaN,NaN
49.887,6.228,NaN,2589,NaN,NaN,NaN,NaN,33.045,NaN,NaN
49.97,6.034,NaN,2589,NaN,NaN,NaN,NaN,31.319,NaN,NaN
50.057,5.915,NaN,2589,NaN,NaN,NaN,NaN,29.725,NaN,NaN
50.224,5.724,NaN,2589,NaN,NaN,NaN,NaN,28.382,NaN,NaN
50.318,5.673,NaN,2589,NaN,NaN,NaN,NaN,26.333,NaN,NaN
50.499,5.63,NaN,2589,NaN,NaN,NaN,NaN,26.18,NaN,NaN
50.999,5.58,NaN,2589,NaN,NaN,NaN,NaN,25.614,NaN,NaN
51.499,5.604,NaN,2589,NaN,NaN,NaN,NaN,25.301,NaN,NaN
51.999,5.589,NaN,2589,NaN,NaN,NaN,NaN,25.484,NaN,NaN
52.248,5.591,NaN,2589,NaN,NaN,NaN,NaN,25.781,NaN,NaN
52.701,5.598,NaN,2589,NaN,NaN,NaN,NaN,25.328,NaN,NaN
53.201,5.6,NaN,2589,NaN,NaN,NaN,NaN,25.342,NaN,NaN
53.701,5.592,NaN,2589,NaN,NaN,NaN,NaN,25.426,NaN,NaN
53.98,5.585,NaN,2589,NaN,NaN,NaN,NaN,25.794,NaN,NaN
54.116,5.588,NaN,2589,NaN,NaN,NaN,NaN,25.253,NaN,NaN
54.547,5.602,NaN,2589,NaN,NaN,NaN,NaN,25.246,NaN,NaN
55.047,5.57,NaN,2589,NaN,NaN,NaN,NaN,25.635,NaN,NaN
55.34,5.591,NaN,2589,NaN,NaN,NaN,NaN,25.293,NaN,NaN
55.84,5.599,NaN,2589,NaN,NaN,NaN,NaN,25.303,NaN,NaN
56.128,5.577,NaN,2589,NaN,NaN,NaN,NaN,25.971,NaN,NaN
56.324,5.584,NaN,2589,NaN,NaN,NaN,NaN,25.08,NaN,NaN
56.556,5.59,NaN,2589,NaN,NaN,NaN,NaN,25.447,NaN,NaN
56.816,5.592,NaN,2589,NaN,NaN,NaN,NaN,25.278,NaN,NaN
57.316,5.591,NaN,2589,NaN,NaN,NaN,NaN,25.376,NaN,NaN
57.816,5.591,NaN,2589,NaN,NaN,NaN,NaN,25.36,NaN,NaN
58.073,5.578,NaN,2589,NaN,NaN,NaN,NaN,26.144,NaN,NaN
58.39,5.585,NaN,2589,NaN,NaN,NaN,NaN,25.262,NaN,NaN
58.568,5.589,NaN,2589,NaN,NaN,NaN,NaN,25.434,NaN,NaN
59.068,5.578,NaN,2589,NaN,NaN,NaN,NaN,25.468,NaN,NaN
59.344,5.583,NaN,2589,NaN,NaN,NaN,NaN,25.498,NaN,NaN
59.475,5.595,NaN,2589,NaN,NaN,NaN,NaN,25.588,NaN,NaN
59.975,5.574,NaN,2589,NaN,NaN,NaN,NaN,25.489,NaN,NaN
60.475,5.592,NaN,2589,NaN,NaN,NaN,NaN,25.293,NaN,NaN
60.874,5.535,NaN,2589,NaN,NaN,NaN,NaN,26.148,NaN,NaN
61.119,5.578,NaN,2589,NaN,NaN,NaN,NaN,24.837,NaN,NaN
61.303,5.588,NaN,2589,NaN,NaN,NaN,NaN,25.66,NaN,NaN
61.479,5.579,NaN,2589,NaN,NaN,NaN,NaN,25.221,NaN,NaN
61.673,5.586,NaN,2589,NaN,NaN,NaN,NaN,25.597,NaN,NaN
62.173,5.579,NaN,2589,NaN,NaN,NaN,NaN,25.406,NaN,NaN
62.673,5.58,NaN,2589,NaN,NaN,NaN,NaN,25.399,NaN,NaN
63.092,5.578,NaN,2589,NaN,NaN,NaN,NaN,25.427,NaN,NaN
63.592,5.56,NaN,2589,NaN,NaN,NaN,NaN,25.593,NaN,NaN
63.889,5.58,NaN,2589,NaN,NaN,NaN,NaN,25.262,NaN,NaN
64.389,5.582,NaN,2589,NaN,NaN,NaN,NaN,25.349,NaN,NaN
64.889,5.577,NaN,2589,NaN,NaN,NaN,NaN,25.398,NaN,NaN
65.389,5.581,NaN,2589,NaN,NaN,NaN,NaN,25.35,NaN,NaN
65.889,5.577,NaN,2589,NaN,NaN,NaN,NaN,25.381,NaN,NaN
66.389,5.579,NaN,2589,NaN,NaN,NaN,NaN,25.355,NaN,NaN
66.742,5.556,NaN,2589,NaN,NaN,NaN,NaN,25.784,NaN,NaN
67.107,5.584,NaN,2589,NaN,NaN,NaN,NaN,25.132,NaN,NaN
67.416,5.569,NaN,2589,NaN,NaN,NaN,NaN,25.612,NaN,NaN
67.661,5.574,NaN,2589,NaN,NaN,NaN,NaN,25.297,NaN,NaN
67.999,5.575,NaN,2589,NaN,NaN,NaN,NaN,25.358,NaN,NaN
68.381,5.552,NaN,2589,NaN,NaN,NaN,NaN,25.732,NaN,NaN
68.561,5.569,NaN,2589,NaN,NaN,NaN,NaN,25.336,NaN,NaN
68.751,5.569,NaN,2589,NaN,NaN,NaN,NaN,25.202,NaN,NaN
68.938,5.576,NaN,2589,NaN,NaN,NaN,NaN,25.563,NaN,NaN
69.226,5.554,NaN,2589,NaN,NaN,NaN,NaN,25.948,NaN,NaN
69.401,5.559,NaN,2589,NaN,NaN,NaN,NaN,25.021,NaN,NaN
69.561,5.575,NaN,2589,NaN,NaN,NaN,NaN,25.541,NaN,NaN
70.061,5.547,NaN,2589,NaN,NaN,NaN,NaN,25.618,NaN,NaN
70.276,5.566,NaN,2589,NaN,NaN,NaN,NaN,25.435,NaN,NaN
70.776,5.563,NaN,2589,NaN,NaN,NaN,NaN,25.433,NaN,NaN
71.276,5.57,NaN,2589,NaN,NaN,NaN,NaN,25.366,NaN,NaN
71.776,5.571,NaN,2589,NaN,NaN,NaN,NaN,25.352,NaN,NaN
71.966,5.589,NaN,2589,NaN,NaN,NaN,NaN,27.046,NaN,NaN
72.06,5.536,NaN,2589,NaN,NaN,NaN,NaN,24.925,NaN,NaN
72.352,5.563,NaN,2589,NaN,NaN,NaN,NaN,25.213,NaN,NaN
72.634,5.569,NaN,2589,NaN,NaN,NaN,NaN,25.256,NaN,NaN
72.937,5.562,NaN,2589,NaN,NaN,NaN,NaN,25.544,NaN,NaN
73.437,5.569,NaN,2589,NaN,NaN,NaN,NaN,25.333,NaN,NaN
73.692,5.559,NaN,2589,NaN,NaN,NaN,NaN,25.927,NaN,NaN
74.115,5.564,NaN,2589,NaN,NaN,NaN,NaN,25.325,NaN,NaN
74.43,5.564,NaN,2589,NaN,NaN,NaN,NaN,25.388,NaN,NaN
74.741,5.563,NaN,2589,NaN,NaN,NaN,NaN,25.416,NaN,NaN
75.241,5.564,NaN,2589,NaN,NaN,NaN,NaN,25.366,NaN,NaN
75.741,5.565,NaN,2589,NaN,NaN,NaN,NaN,25.358,NaN,NaN
76.241,5.546,NaN,2589,NaN,NaN,NaN,NaN,25.551,NaN,NaN
76.741,5.576,NaN,2589,NaN,NaN,NaN,NaN,25.202,NaN,NaN
77.079,5.531,NaN,2589,NaN,NaN,NaN,NaN,26.084,NaN,NaN
77.579,5.521,NaN,2589,NaN,NaN,NaN,NaN,25.75,NaN,NaN
77.985,5.574,NaN,2589,NaN,NaN,NaN,NaN,25.047,NaN,NaN
78.317,5.552,NaN,2589,NaN,NaN,NaN,NaN,25.615,NaN,NaN
78.817,5.557,NaN,2589,NaN,NaN,NaN,NaN,25.377,NaN,NaN
79.317,5.51,NaN,2589,NaN,NaN,NaN,NaN,25.873,NaN,NaN
79.486,5.552,NaN,2589,NaN,NaN,NaN,NaN,25.533,NaN,NaN
79.574,5.533,NaN,2589,NaN,NaN,NaN,NaN,25.038,NaN,NaN
80.074,5.575,NaN,2589,NaN,NaN,NaN,NaN,25.152,NaN,NaN
80.323,5.55,NaN,2589,NaN,NaN,NaN,NaN,26.158,NaN,NaN
80.786,5.548,NaN,2589,NaN,NaN,NaN,NaN,25.417,NaN,NaN
81.204,5.561,NaN,2589,NaN,NaN,NaN,NaN,25.274,NaN,NaN
81.704,5.543,NaN,2589,NaN,NaN,NaN,NaN,25.498,NaN,NaN
82.204,5.561,NaN,2589,NaN,NaN,NaN,NaN,25.282,NaN,NaN
82.466,5.543,NaN,2589,NaN,NaN,NaN,NaN,26.049,NaN,NaN
82.709,5.549,NaN,2589,NaN,NaN,NaN,NaN,25.153,NaN,NaN
83.209,5.552,NaN,2589,NaN,NaN,NaN,NaN,25.366,NaN,NaN
83.709,5.548,NaN,2589,NaN,NaN,NaN,NaN,25.414,NaN,NaN
83.993,5.54,NaN,2589,NaN,NaN,NaN,NaN,25.748,NaN,NaN
84.493,5.548,NaN,2589,NaN,NaN,NaN,NaN,25.374,NaN,NaN
84.993,5.553,NaN,2589,NaN,NaN,NaN,NaN,25.333,NaN,NaN
85.493,5.545,NaN,2589,NaN,NaN,NaN,NaN,25.412,NaN,NaN
85.756,5.536,NaN,2589,NaN,NaN,NaN,NaN,25.98,NaN,NaN
85.944,5.538,NaN,2589,NaN,NaN,NaN,NaN,25.072,NaN,NaN
86.097,5.558,NaN,2589,NaN,NaN,NaN,NaN,25.785,NaN,NaN
86.27,5.542,NaN,2589,NaN,NaN,NaN,NaN,25.252,NaN,NaN
86.598,5.55,NaN,2589,NaN,NaN,NaN,NaN,25.265,NaN,NaN
86.894,5.538,NaN,2589,NaN,NaN,NaN,NaN,25.685,NaN,NaN
87.065,5.543,NaN,2589,NaN,NaN,NaN,NaN,25.317,NaN,NaN
87.246,5.553,NaN,2589,NaN,NaN,NaN,NaN,25.917,NaN,NaN
87.548,5.539,NaN,2589,NaN,NaN,NaN,NaN,25.386,NaN,NaN
87.676,5.558,NaN,2589,NaN,NaN,NaN,NaN,25.713,NaN,NaN
88.176,5.522,NaN,2589,NaN,NaN,NaN,NaN,25.599,NaN,NaN
88.458,5.543,NaN,2589,NaN,NaN,NaN,NaN,25.21,NaN,NaN
88.958,5.54,NaN,2589,NaN,NaN,NaN,NaN,25.413,NaN,NaN
89.221,5.535,NaN,2589,NaN,NaN,NaN,NaN,25.782,NaN,NaN
89.429,5.538,NaN,2589,NaN,NaN,NaN,NaN,25.149,NaN,NaN
89.597,5.551,NaN,2589,NaN,NaN,NaN,NaN,25.753,NaN,NaN
89.954,5.503,NaN,2589,NaN,NaN,NaN,NaN,26.027,NaN,NaN
90.115,5.522,NaN,2589,NaN,NaN,NaN,NaN,24.941,NaN,NaN
90.42,5.536,NaN,2589,NaN,NaN,NaN,NaN,25.374,NaN,NaN
90.92,5.523,NaN,2589,NaN,NaN,NaN,NaN,25.552,NaN,NaN
91.389,5.554,NaN,2589,NaN,NaN,NaN,NaN,25.187,NaN,NaN
91.889,5.53,NaN,2589,NaN,NaN,NaN,NaN,25.491,NaN,NaN
92.295,5.525,NaN,2589,NaN,NaN,NaN,NaN,25.544,NaN,NaN
92.795,5.547,NaN,2589,NaN,NaN,NaN,NaN,25.258,NaN,NaN
93.295,5.532,NaN,2589,NaN,NaN,NaN,NaN,25.445,NaN,NaN
93.795,5.535,NaN,2589,NaN,NaN,NaN,NaN,25.385,NaN,NaN
94.295,5.539,NaN,2589,NaN,NaN,NaN,NaN,25.34,NaN,NaN
94.795,5.528,NaN,2589,NaN,NaN,NaN,NaN,25.452,NaN,NaN
95.295,5.541,NaN,2589,NaN,NaN,NaN,NaN,25.299,NaN,NaN
95.795,5.53,NaN,2589,NaN,NaN,NaN,NaN,25.416,NaN,NaN
96.295,5.532,NaN,2589,NaN,NaN,NaN,NaN,25.377,NaN,NaN
96.694,5.522,NaN,2589,NaN,NaN,NaN,NaN,25.523,NaN,NaN
97.194,5.541,NaN,2589,NaN,NaN,NaN,NaN,25.259,NaN,NaN
97.694,5.513,NaN,2589,NaN,NaN,NaN,NaN,25.569,NaN,NaN
98.194,5.524,NaN,2589,NaN,NaN,NaN,NaN,25.425,NaN,NaN
98.374,5.541,NaN,2589,NaN,NaN,NaN,NaN,26.146,NaN,NaN
98.591,5.523,NaN,2589,NaN,NaN,NaN,NaN,25.341,NaN,NaN
98.93,5.532,NaN,2589,NaN,NaN,NaN,NaN,25.228,NaN,NaN
99.43,5.525,NaN,2589,NaN,NaN,NaN,NaN,25.416,NaN,NaN
99.855,5.519,NaN,2589,NaN,NaN,NaN,NaN,25.486,NaN,NaN
100.355,5.533,NaN,2589,NaN,NaN,NaN,NaN,25.301,NaN,NaN
100.855,5.517,NaN,2589,NaN,NaN,NaN,NaN,25.478,NaN,NaN
101.236,5.52,NaN,2589,NaN,NaN,NaN,NaN,25.442,NaN,NaN
101.736,5.532,NaN,2589,NaN,NaN,NaN,NaN,25.292,NaN,NaN
102.236,5.511,NaN,2589,NaN,NaN,NaN,NaN,25.522,NaN,NaN
102.519,5.516,NaN,2589,NaN,NaN,NaN,NaN,25.573,NaN,NaN
102.835,5.526,NaN,2589,NaN,NaN,NaN,NaN,25.211,NaN,NaN
103.335,5.522,NaN,2589,NaN,NaN,NaN,NaN,25.387,NaN,NaN
103.835,5.524,NaN,2589,NaN,NaN,NaN,NaN,25.354,NaN,NaN
104.335,5.522,NaN,2589,NaN,NaN,NaN,NaN,25.373,NaN,NaN
104.835,5.517,NaN,2589,NaN,NaN,NaN,NaN,25.411,NaN,NaN
105.335,5.524,NaN,2589,NaN,NaN,NaN,NaN,25.324,NaN,NaN
105.835,5.51,NaN,2589,NaN,NaN,NaN,NaN,25.481,NaN,NaN
106.153,5.51,NaN,2589,NaN,NaN,NaN,NaN,25.532,NaN,NaN
106.389,5.517,NaN,2589,NaN,NaN,NaN,NaN,25.259,NaN,NaN
106.889,5.514,NaN,2589,NaN,NaN,NaN,NaN,25.41,NaN,NaN
107.389,5.519,NaN,2589,NaN,NaN,NaN,NaN,25.345,NaN,NaN
107.638,5.507,NaN,2589,NaN,NaN,NaN,NaN,26.123,NaN,NaN
107.815,5.505,NaN,2589,NaN,NaN,NaN,NaN,25.069,NaN,NaN
107.979,5.515,NaN,2589,NaN,NaN,NaN,NaN,25.385,NaN,NaN
108.479,5.515,NaN,2589,NaN,NaN,NaN,NaN,25.368,NaN,NaN
108.877,5.509,NaN,2589,NaN,NaN,NaN,NaN,25.459,NaN,NaN
109.301,5.517,NaN,2589,NaN,NaN,NaN,NaN,25.319,NaN,NaN
109.562,5.506,NaN,2589,NaN,NaN,NaN,NaN,25.83,NaN,NaN
109.898,5.515,NaN,2589,NaN,NaN,NaN,NaN,25.24,NaN,NaN
110.176,5.511,NaN,2589,NaN,NaN,NaN,NaN,25.471,NaN,NaN
110.676,5.515,NaN,2589,NaN,NaN,NaN,NaN,25.343,NaN,NaN
111.155,5.466,NaN,2589,NaN,NaN,NaN,NaN,25.883,NaN,NaN
111.358,5.5,NaN,2589,NaN,NaN,NaN,NaN,25.177,NaN,NaN
111.858,5.521,NaN,2589,NaN,NaN,NaN,NaN,25.238,NaN,NaN
112.131,5.501,NaN,2589,NaN,NaN,NaN,NaN,25.866,NaN,NaN
112.631,5.462,NaN,2589,NaN,NaN,NaN,NaN,25.853,NaN,NaN
112.823,5.497,NaN,2589,NaN,NaN,NaN,NaN,25.17,NaN,NaN
113.127,5.51,NaN,2589,NaN,NaN,NaN,NaN,25.168,NaN,NaN
113.349,5.507,NaN,2589,NaN,NaN,NaN,NaN,26.107,NaN,NaN
113.849,5.457,NaN,2589,NaN,NaN,NaN,NaN,25.874,NaN,NaN
114.021,5.495,NaN,2589,NaN,NaN,NaN,NaN,25.239,NaN,NaN
114.123,5.492,NaN,2589,NaN,NaN,NaN,NaN,25.149,NaN,NaN
114.228,5.497,NaN,2589,NaN,NaN,NaN,NaN,25.215,NaN,NaN
114.411,5.506,NaN,2589,NaN,NaN,NaN,NaN,25.496,NaN,NaN
114.559,5.501,NaN,2589,NaN,NaN,NaN,NaN,25.246,NaN,NaN
114.659,5.542,NaN,2589,NaN,NaN,NaN,NaN,26.039,NaN,NaN
114.792,5.553,NaN,2589,NaN,NaN,NaN,NaN,26.694,NaN,NaN
114.954,5.504,NaN,2589,NaN,NaN,NaN,NaN,25.657,NaN,NaN
115.059,5.48,NaN,2589,NaN,NaN,NaN,NaN,24.975,NaN,NaN
115.196,5.496,NaN,2589,NaN,NaN,NaN,NaN,25.224,NaN,NaN
115.387,5.501,NaN,2589,NaN,NaN,NaN,NaN,25.213,NaN,NaN
115.887,5.505,NaN,2589,NaN,NaN,NaN,NaN,25.365,NaN,NaN
116.009,5.633,NaN,2589,NaN,NaN,NaN,NaN,28.461,NaN,NaN
116.433,5.316,NaN,2589,NaN,NaN,NaN,NaN,27.718,NaN,NaN
116.574,5.406,NaN,2589,NaN,NaN,NaN,NaN,23.659,NaN,NaN
116.731,5.472,NaN,2589,NaN,NaN,NaN,NaN,24.979,NaN,NaN
116.849,5.466,NaN,2589,NaN,NaN,NaN,NaN,24.772,NaN,NaN
117.182,5.508,NaN,2589,NaN,NaN,NaN,NaN,25.076,NaN,NaN
117.374,5.508,NaN,2589,NaN,NaN,NaN,NaN,25.795,NaN,NaN
117.874,5.472,NaN,2589,NaN,NaN,NaN,NaN,25.673,NaN,NaN
118.126,5.497,NaN,2589,NaN,NaN,NaN,NaN,25.208,NaN,NaN
118.626,5.475,NaN,2589,NaN,NaN,NaN,NaN,25.635,NaN,NaN
118.818,5.498,NaN,2589,NaN,NaN,NaN,NaN,25.658,NaN,NaN
119.318,5.48,NaN,2589,NaN,NaN,NaN,NaN,25.552,NaN,NaN
119.585,5.497,NaN,2589,NaN,NaN,NaN,NaN,25.259,NaN,NaN
119.845,5.498,NaN,2589,NaN,NaN,NaN,NaN,25.37,NaN,NaN
120.331,5.478,NaN,2589,NaN,NaN,NaN,NaN,25.593,NaN,NaN
120.831,5.515,NaN,2589,NaN,NaN,NaN,NaN,25.169,NaN,NaN
121.331,5.484,NaN,2589,NaN,NaN,NaN,NaN,25.524,NaN,NaN
121.831,5.505,NaN,2589,NaN,NaN,NaN,NaN,25.258,NaN,NaN
122.331,5.486,NaN,2589,NaN,NaN,NaN,NaN,25.474,NaN,NaN
122.831,5.496,NaN,2589,NaN,NaN,NaN,NaN,25.348,NaN,NaN
123.331,5.489,NaN,2589,NaN,NaN,NaN,NaN,25.417,NaN,NaN
123.831,5.488,NaN,2589,NaN,NaN,NaN,NaN,25.415,NaN,NaN
124.331,5.487,NaN,2589,NaN,NaN,NaN,NaN,25.418,NaN,NaN
124.682,5.485,NaN,2589,NaN,NaN,NaN,NaN,25.488,NaN,NaN
125.182,5.492,NaN,2589,NaN,NaN,NaN,NaN,25.354,NaN,NaN
125.682,5.454,NaN,2589,NaN,NaN,NaN,NaN,25.755,NaN,NaN
125.945,5.486,NaN,2589,NaN,NaN,NaN,NaN,25.14,NaN,NaN
126.4,5.495,NaN,2589,NaN,NaN,NaN,NaN,25.291,NaN,NaN
126.9,5.485,NaN,2589,NaN,NaN,NaN,NaN,25.412,NaN,NaN
127.133,5.478,NaN,2589,NaN,NaN,NaN,NaN,26.486,NaN,NaN
127.218,5.458,NaN,2589,NaN,NaN,NaN,NaN,24.978,NaN,NaN
127.718,5.511,NaN,2589,NaN,NaN,NaN,NaN,25.086,NaN,NaN
128.002,5.476,NaN,2589,NaN,NaN,NaN,NaN,25.967,NaN,NaN
128.286,5.487,NaN,2589,NaN,NaN,NaN,NaN,25.184,NaN,NaN
128.786,5.485,NaN,2589,NaN,NaN,NaN,NaN,25.373,NaN,NaN
128.92,5.492,NaN,2589,NaN,NaN,NaN,NaN,25.546,NaN,NaN
